{
  "Scotland": 1760.3436713841413,
  "England": 1969.1711042970464,
  "Wales": 1773.3851910023943,
  "Northern Ireland": 1706.089850973807,
  "United States": 1833.5546955495254,
  "Canada": 1648.9263488800925,
  "Uruguay": 1930.7904465398344,
  "Argentina": 2002.8478454103886,
  "Austria": 1747.9484524163165,
  "Hungary": 1628.8460368492172,
  "Czechoslovakia": 1789.1457479836413,
  "Belgium": 1982.2926943617176,
  "France": 2000.861948840901,
  "Switzerland": 1899.459246170542,
  "Guernsey": 1790.6788080873182,
  "Alderney": 1071.8520447993335,
  "Jersey": 1726.0952909792936,
  "Netherlands": 1913.4111144161561,
  "Guyana": 1383.720143084398,
  "Trinidad and Tobago": 1550.3974038154593,
  "South Africa": 1607.894727628789,
  "Germany": 2126.6266213963895,
  "Sweden": 1842.9989381000346,
  "Norway": 1614.2490088850939,
  "Denmark": 1868.3944743389382,
  "Italy": 1887.636490351672,
  "Chile": 1870.1329163830353,
  "Russia": 1747.8740852714939,
  "Finland": 1651.291752817971,
  "Luxembourg": 1413.9215233444934,
  "Catalonia": 1682.868122610488,
  "Philippines": 1352.059151145489,
  "China": 1677.7171355469238,
  "Brazil": 2150.6778497336377,
  "Basque Country": 1797.2839846520974,
  "Japan": 1790.009749604017,
  "Paraguay": 1829.6987402715665,
  "Romania": 1703.7794454583714,
  "Greece": 1724.800119331892,
  "Egypt": 1757.9645599876392,
  "Serbia": 1802.0491502644948,
  "Spain": 2079.9027108445493,
  "Estonia": 1605.1937578982365,
  "Suriname": 1416.712749224601,
  "Provence": 1431.3632574594808,
  "Costa Rica": 1856.6357171749587,
  "El Salvador": 1573.4988241580518,
  "Guatemala": 1609.8850605631017,
  "Portugal": 2027.7532330624667,
  "Poland": 1862.1301914358794,
  "Brittany": 1523.9354487245562,
  "New Zealand": 1716.0009599972711,
  "Australia": 1843.1342719536374,
  "Latvia": 1404.7863347301002,
  "Galicia": 1552.273697743785,
  "Central Spain": 1495.8841589757428,
  "Mexico": 1931.5655658766664,
  "Andalusia": 1612.7030220354432,
  "Asturias": 1513.5535464750317,
  "Lithuania": 1435.138069422697,
  "Turkey": 1734.5639558902583,
  "Aruba": 1212.239126158199,
  "Curacao": 1472.1024278739246,
  "Bulgaria": 1644.7967689458153,
  "Ireland": 1762.3970301341537,
  "Haiti": 1641.8113548427593,
  "Jamaica": 1627.2927279442176,
  "Kenya": 1526.0230768603778,
  "Uganda": 1598.8090116296094,
  "Bolivia": 1740.291038357303,
  "Peru": 1966.3518551442037,
  "Honduras": 1749.5468641771577,
  "Belarus": 1518.4497497039622,
  "Ukraine": 1773.944533967977,
  "Barbados": 1283.6133357891479,
  "Nicaragua": 1385.250350106692,
  "Cuba": 1466.3710549857549,
  "Martinique": 1533.350298838761,
  "Dominica": 1219.8617175892275,
  "Silesia": 1521.3313601298707,
  "Guadeloupe": 1475.8100199201542,
  "Israel": 1553.0874162080854,
  "Indonesia": 1385.6503341116497,
  "French Guiana": 1558.6443198777506,
  "Saint Lucia": 1263.867586262216,
  "Colombia": 1946.5536370847349,
  "Panama": 1794.819360737097,
  "Venezuela": 1803.079651572757,
  "Ecuador": 1768.7408241131316,
  "Saint Kitts and Nevis": 1429.0076422228437,
  "Grenada": 1281.1936094935193,
  "India": 1369.0782391708715,
  "Slovakia": 1765.766634172206,
  "Manchukuo": 1454.9991226902466,
  "Croatia": 1880.9146398474882,
  "Lebanon": 1571.8375723177542,
  "Puerto Rico": 1275.128450733695,
  "Afghanistan": 1329.412068946804,
  "Iran": 1898.7163351689246,
  "Mongolia": 1057.6338932883161,
  "Tanzania": 1408.587214964477,
  "Zimbabwe": 1599.7697379603578,
  "Zambia": 1630.1391153967422,
  "Iceland": 1867.4840690210465,
  "Albania": 1637.3883637999663,
  "Montenegro": 1653.4047746516105,
  "Madagascar": 1470.0020626961714,
  "Mauritius": 1239.2613781855764,
  "R\u00e9union": 1633.9016906129484,
  "Zanzibar": 1523.3985306173038,
  "Djibouti": 999.0367941682516,
  "Ethiopia": 1420.6117607601177,
  "DR Congo": 1726.6089107101448,
  "South Korea": 1820.223274764885,
  "Vietnam": 1422.1597332206516,
  "Macau": 979.8819344799576,
  "Dominican Republic": 1391.3130673589105,
  "Cyprus": 1475.2320937880424,
  "Sierra Leone": 1497.0323639518895,
  "Nigeria": 1739.123671347671,
  "Syria": 1702.4182816613406,
  "Taiwan": 1184.112428061866,
  "Ghana": 1703.9769689990421,
  "Myanmar": 1314.697419929437,
  "New Caledonia": 1540.2562394988302,
  "Vanuatu": 1564.832267479706,
  "Fiji": 1559.1873533151463,
  "Pakistan": 1166.3741321496282,
  "Sri Lanka": 936.8973250871887,
  "German DR": 1695.682272737317,
  "Tahiti": 1499.394089879051,
  "Gambia": 1394.6422849248113,
  "Hong Kong": 1370.1513873993465,
  "Singapore": 1228.7133127343702,
  "Malaysia": 1247.0788657923863,
  "Guinea-Bissau": 1397.7749147097309,
  "Saarland": 1450.762534212026,
  "Burundi": 1427.2349980603303,
  "Cameroon": 1727.166832547812,
  "Kernow": 1583.1184451849508,
  "Cambodia": 1035.3752203914655,
  "Thailand": 1530.2661990628858,
  "Vietnam Republic": 1359.2716140751374,
  "Kyrgyzstan": 1427.2447090925905,
  "Moldova": 1369.5559770834527,
  "North Vietnam": 1479.9590807469554,
  "Togo": 1471.0240776275662,
  "North Korea": 1582.9429554605697,
  "Sudan": 1360.4453048859855,
  "Malta": 1258.0818290206669,
  "Tunisia": 1747.3010334461464,
  "Libya": 1574.345496387448,
  "Malawi": 1431.1966849282344,
  "Morocco": 1772.1686720357054,
  "Benin": 1564.3813152236416,
  "Cape Verde": 1538.716078129472,
  "Ivory Coast": 1664.7400215783546,
  "Burkina Faso": 1693.3771283188426,
  "Gabon": 1523.8519499826994,
  "Congo": 1500.0219391115197,
  "Mali": 1596.176455729456,
  "Central African Republic": 1379.8270311122435,
  "Iraq": 1679.795651759242,
  "Saint Vincent and the Grenadines": 1259.2686798239497,
  "Senegal": 1849.2888631337667,
  "Laos": 1047.233124905847,
  "Chad": 1423.3182424125816,
  "Niger": 1423.0359185427747,
  "Mauritania": 1431.236094434215,
  "Liberia": 1406.6390416218692,
  "Guinea": 1563.6925325900106,
  "Kuwait": 1472.2964546871535,
  "Jordan": 1586.478983497466,
  "Algeria": 1660.1036809134953,
  "Papua New Guinea": 1408.6623274782048,
  "Solomon Islands": 1512.4318076968177,
  "Somalia": 1002.479809590234,
  "Saudi Arabia": 1691.0874769510926,
  "Bermuda": 1474.2764352242204,
  "Palestine": 1568.021346594002,
  "Bahrain": 1538.9439674097453,
  "Yemen": 1321.5506091052148,
  "Oman": 1606.0187463977531,
  "Wallis Islands and Futuna": 1298.5395897919375,
  "Corsica": 1582.641759285192,
  "Western Australia": 1390.5908496828395,
  "Swaziland": 1416.438166493168,
  "Botswana": 1389.6468438994723,
  "Qatar": 1551.2974910031235,
  "Lesotho": 1376.983683423296,
  "Bahamas": 1315.0570310556072,
  "Brunei": 912.1608264518396,
  "Cook Islands": 1222.187664065596,
  "Yemen DPR": 1364.9789880323913,
  "United Arab Emirates": 1658.204247901087,
  "Faroe Islands": 1345.5642441957514,
  "Nepal": 1115.919035251703,
  "Antigua and Barbuda": 1366.4405035607501,
  "Bangladesh": 1032.1734129789825,
  "Seychelles": 1111.9361995202348,
  "Equatorial Guinea": 1430.8921901604087,
  "Mozambique": 1438.5777728446703,
  "Guam": 1175.4618452486434,
  "Angola": 1367.7740116119012,
  "S\u00e3o Tom\u00e9 and Pr\u00edncipe": 1269.1454047275074,
  "Rwanda": 1418.9062677370116,
  "Northern Cyprus": 1642.9700557739145,
  "Armenia": 1508.8032924796323,
  "Georgia": 1528.2791168685158,
  "Azerbaijan": 1441.4770237630398,
  "Kazakhstan": 1374.0072349080917,
  "Comoros": 1243.8002112429817,
  "Maldives": 1136.981298462412,
  "Tonga": 1103.0154369603126,
  "Kiribati": 1281.1658621577105,
  "Tuvalu": 1325.929036814038,
  "Samoa": 1253.34856908349,
  "Greenland": 1520.6741520020792,
  "Liechtenstein": 1208.5321158682182,
  "Bhutan": 884.5164823098211,
  "South Yemen": 1464.699348828909,
  "American Samoa": 1149.6095136599222,
  "Niue": 1458.7808127397661,
  "Belize": 1369.75024964103,
  "Cayman Islands": 1199.8869658262793,
  "Anguilla": 980.0628132105473,
  "British Virgin Islands": 979.5088622863359,
  "Palau": 1453.2437698501947,
  "Sint Maarten": 1368.1025143172737,
  "Namibia": 1492.4052839171372,
  "Shetland": 1438.4116961261855,
  "Ynys M\u00f4n": 1501.1609068228881,