{
  "Scotland": 1760.3833300709482,
  "England": 1969.2225993516645,
  "Wales": 1773.4229975538822,
  "Northern Ireland": 1706.12705458719,
  "United States": 1833.5521345514378,
  "Canada": 1648.3504278449677,
  "Uruguay": 1930.8909600506543,
  "Argentina": 2002.9521459730092,
  "Austria": 1747.9879092671154,
  "Hungary": 1628.88159123224,
  "Czechoslovakia": 1789.166492760709,
  "Belgium": 1982.3345728968297,
  "France": 2000.9142524226293,
  "Switzerland": 1899.5072468716285,
  "Guernsey": 1790.6905554054613,
  "Alderney": 1071.8558903061032,
  "Jersey": 1726.1079114048669,
  "Netherlands": 1913.4600896073143,
  "Guyana": 1389.4597566434336,
  "Trinidad and Tobago": 1550.6986487360948,
  "South Africa": 1607.9159074385027,
  "Germany": 2126.679564885686,
  "Sweden": 1843.0411127475961,
  "Norway": 1614.2843966714318,
  "Denmark": 1868.4299876785399,
  "Italy": 1887.687021035009,
  "Chile": 1870.2280579954183,
  "Russia": 1747.915166925303,
  "Finland": 1651.3275396936647,
  "Luxembourg": 1413.94795109773,
  "Catalonia": 1682.8904958059074,
  "Philippines": 1352.0771010831745,
  "China": 1677.7541999496461,
  "Brazil": 2150.777556928202,
  "Basque Country": 1797.2889894725186,
  "Japan": 1790.047571184961,
  "Paraguay": 1829.8091325983694,
  "Romania": 1703.8146868454958,
  "Greece": 1724.850513896474,
  "Egypt": 1757.9857761316628,
  "Serbia": 1802.0881811364684,
  "Spain": 2079.954924295002,
  "Estonia": 1605.3299755962512,
  "Suriname": 1419.7179779393623,
  "Provence": 1431.3634939427723,
  "Costa Rica": 1856.6409055127226,
  "El Salvador": 1572.8124998226476,
  "Guatemala": 1609.8624307299715,
  "Portugal": 2027.7982843887173,
  "Poland": 1862.1585701223803,
  "Brittany": 1523.9374333764808,
  "New Zealand": 1716.07136279595,
  "Australia": 1843.1598661958021,
  "Latvia": 1404.8206467166926,
  "Galicia": 1552.2799701606075,
  "Central Spain": 1495.8841589757428,
  "Mexico": 1931.3069346418263,
  "Andalusia": 1612.7079116935056,
  "Asturias": 1513.5535464750317,
  "Lithuania": 1435.1733409098176,
  "Turkey": 1734.5989943889706,
  "Aruba": 1216.3435424567083,
  "Cura\u00e7ao": 1447.093446364032,
  "Bulgaria": 1644.834099953797,
  "Ireland": 1762.4370544705625,
  "Haiti": 1641.8489057319514,
  "Jamaica": 1624.491441143606,
  "Kenya": 1526.0381251988563,
  "Uganda": 1598.8266503732068,
  "Bolivia": 1740.3930221015303,
  "Peru": 1966.4564106845755,
  "Honduras": 1749.5273652157978,
  "Belarus": 1518.488621436047,
  "Ukraine": 1773.9804480664523,
  "Barbados": 1284.1719721672696,
  "Nicaragua": 1386.6452547186348,
  "Cuba": 1465.2207406158464,
  "Martinique": 1532.6570991558408,
  "Dominica": 1220.3061762082407,
  "Silesia": 1521.3316361342065,
  "Guadeloupe": 1476.1778538587976,
  "Israel": 1553.1250042697482,
  "Indonesia": 1385.7773113885553,
  "French Guiana": 1558.312861601074,
  "Saint Lucia": 1263.5572978919768,
  "Colombia": 1946.6542635499627,
  "Panama": 1794.8328412826902,
  "Venezuela": 1803.193234530011,
  "Ecuador": 1768.8736325881284,
  "Saint Kitts and Nevis": 1429.4907615460634,
  "Grenada": 1281.210353062786,
  "India": 1369.1258586836489,
  "Slovakia": 1765.8057662525598,
  "Manchukuo": 1454.9991226902466,
  "Croatia": 1880.9571078858255,
  "Lebanon": 1571.8605752818225,
  "Puerto Rico": 1272.7277786034601,
  "Afghanistan": 1329.4297182031335,
  "Iran": 1898.753520599246,
  "Mongolia": 1057.6608754091503,
  "Tanzania": 1408.6034969084842,
  "Zimbabwe": 1599.786765561551,
  "Zambia": 1630.1597088022484,
  "Iceland": 1867.5120159730106,
  "Albania": 1637.4244674120466,
  "Montenegro": 1653.4355254197133,
  "Madagascar": 1470.0218617711569,
  "Mauritius": 1239.2900136134772,
  "R\u00e9union": 1634.0557024817044,
  "Zanzibar": 1523.409535575396,
  "Djibouti": 999.0443165274933,
  "Ethiopia": 1420.6273068574333,
  "DR Congo": 1726.6280246298682,
  "South Korea": 1820.2585012961151,
  "Vietnam": 1422.1778590344734,
  "Macau": 979.9015286628387,
  "Dominican Republic": 1395.2765584670071,
  "Cyprus": 1475.2878802538632,
  "Sierra Leone": 1497.0482767433177,
  "Nigeria": 1739.153140992353,
  "Syria": 1702.4482930250613,
  "Taiwan": 1184.1272033834662,
  "Ghana": 1703.9965455232843,
  "Myanmar": 1314.7172976937145,
  "New Caledonia": 1540.3347379296165,
  "Vanuatu": 1564.876066980379,
  "Fiji": 1559.2353034730268,
  "Pakistan": 1166.3829746373135,
  "Sri Lanka": 936.9081082271613,
  "German DR": 1695.617246114161,
  "Tahiti": 1499.4760714833928,
  "Gambia": 1394.6573855942643,
  "Hong Kong": 1370.1819895030326,
  "Singapore": 1228.735256109274,
  "Malaysia": 1247.09915963181,
  "Guinea-Bissau": 1397.7870702959747,
  "Saarland": 1450.892644809669,
  "Burundi": 1427.2493605532134,
  "Cameroon": 1727.1960075214297,
  "Kernow": 1583.4357824659066,
  "Cambodia": 1035.3876624683787,
  "Thailand": 1530.292491516941,
  "Vietnam Republic": 1359.2657813714966,
  "Kyrgyzstan": 1427.2676490018475,
  "Moldova": 1369.59008636054,
  "North Vietnam": 1479.9590526918657,
  "Togo": 1471.042033052756,
  "North Korea": 1582.9711979239028,
  "Sudan": 1360.4622748269603,
  "Malta": 1258.113642780355,
  "Tunisia": 1747.3204285797174,
  "Libya": 1574.3628508667755,
  "Malawi": 1431.213109692156,
  "Morocco": 1772.1907003209783,
  "Benin": 1564.3967822318284,
  "Cape Verde": 1538.7340232886445,
  "Ivory Coast": 1664.7654910411497,
  "Burkina Faso": 1693.396826540054,
  "Gabon": 1523.8712469351597,
  "Congo": 1500.040264274666,
  "Mali": 1596.1967848130173,
  "Central African Republic": 1379.8440303892344,
  "Iraq": 1679.8018696397844,
  "Saint Vincent and the Grenadines": 1259.2494495832364,
  "Senegal": 1849.3094089542672,
  "Laos": 1047.2477515757466,
  "Chad": 1423.3315089690004,
  "Niger": 1423.052088172194,
  "Mauritania": 1431.252174350242,
  "Liberia": 1406.6543408907962,
  "Guinea": 1563.7118179003069,
  "Kuwait": 1472.3161381500774,
  "Jordan": 1586.5182151705496,
  "Algeria": 1660.126979035669,
  "Papua New Guinea": 1408.7046497850044,
  "Solomon Islands": 1512.4910106462357,
  "Somalia": 1002.4865910274154,
  "Saudi Arabia": 1691.0480795772014,
  "Bermuda": 1474.2771203237005,
  "Palestine": 1568.0423303190348,
  "Bahrain": 1538.945092854571,
  "Yemen": 1321.5442007741906,
  "Oman": 1606.0482994160523,
  "Wallis Islands and Futuna": 1298.5349318592248,
  "Corsica": 1582.642595511578,
  "Western Australia": 1390.5896786884557,
  "Swaziland": 1416.4543518835183,
  "Botswana": 1389.663625176942,
  "Qatar": 1550.9646053101103,
  "Lesotho": 1376.9998142545114,
  "Bahamas": 1315.2449043881456,
  "Brunei": 912.1678367411481,
  "Cook Islands": 1222.1918489952657,
  "Yemen DPR": 1364.9691651782418,
  "United Arab Emirates": 1658.2297421854678,
  "Faroe Islands": 1345.5896187538294,
  "Nepal": 1115.9339598987674,
  "Antigua and Barbuda": 1372.0758887078623,
  "Bangladesh": 1032.187777567375,
  "Seychelles": 1111.9533972466822,
  "Equatorial Guinea": 1430.9072585326605,
  "Mozambique": 1438.5947826677757,
  "Guam": 1175.7288574898744,
  "Angola": 1367.7921972735278,
  "S\u00e3o Tom\u00e9 and Pr\u00edncipe": 1269.1559260866306,
  "Rwanda": 1418.922095061955,
  "Northern Cyprus": 1642.968827546126,
  "Armenia": 1508.8341212230287,
  "Georgia": 1528.3245255390655,
  "Azerbaijan": 1441.5101831035784,
  "Kazakhstan": 1374.0353031022908,
  "Comoros": 1243.8147509218086,
  "Maldives": 1137.000547138289,
  "Tonga": 1103.0217389621423,
  "Kiribati": 1281.1762370101185,
  "Tuvalu": 1325.9450582090901,
  "Samoa": 1253.367128950933,
  "Greenland": 1520.693870074905,
  "Liechtenstein": 1208.5565671803731,
  "Bhutan": 884.5284373740376,
  "South Yemen": 1464.6934479387564,
  "American Samoa": 1149.6099076715955,
  "Niue": 1458.7798145564063,
  "Belize": 1369.846107521669,
  "Cayman Islands": 1200.504499797185,
  "Anguilla": 979.9733299673735,
  "British Virgin Islands": 980.4298506607532,
  "Palau": 1453.2434492488676,
  "Sint Maarten": 1368.1212853410348,
  "Namibia": 1492.4213088347026,
  "Shetland": 1438.4150976994547,
  "Ynys M\u00f4n": 1501.171496553164,